two_theta_deg,intensity_raw,intensity_smoothed
5.012373,721.7520,680.3425
5.029119,731.2992,673.4809
5.045865,724.6063,666.6708
5.062612,720.3740,659.9120
5.079358,713.5827,653.2047
5.096104,692.8150,646.5487
5.112850,670.2756,637.9116
5.129596,687.1063,630.8410
5.146342,685.9252,624.3200
5.163088,674.2126,617.6555
5.179835,666.7323,613.7940
5.196581,656.8898,610.6267
5.213327,650.8858,602.7185
5.230073,643.7008,595.7989
5.246819,652.2638,590.0866
5.263565,644.7835,584.0285
5.280312,624.4094,579.8322
5.297058,620.4724,575.4286
5.313804,621.1614,570.0443
5.330550,618.7992,565.6521
5.347296,621.5551,561.0947
5.364042,609.6457,558.3338
5.380789,602.6575,552.8713
5.397535,603.9370,546.8752
5.414281,584.5472,543.4388
5.431027,594.5866,539.1381
5.447773,585.1378,535.6834
5.464519,587.4016,529.2119
5.481265,587.9921,526.1056
5.498012,567.3228,524.1142
5.514758,564.1732,520.1818
5.531504,560.3346,515.6914
5.548250,580.8071,509.2329
5.564996,558.7598,504.1972
5.581742,552.2638,499.9736
5.598489,536.3189,494.8796
5.615235,537.6969,489.3767
5.631981,539.8622,482.5335
5.648727,532.6772,479.8985
5.665473,536.2205,479.0953
5.682219,526.7717,478.6298
5.698966,521.3583,474.3252
5.715712,524.1142,469.9273
5.732458,530.6102,468.6632
5.749204,513.0906,464.7138
5.765950,504.9213,460.7667
5.782696,513.3858,459.4557
5.799442,515.9449,454.8914
5.816189,494.0945,450.1466
5.832935,500.5906,449.6132
5.849681,510.0394,446.1841
5.866427,482.3819,441.4831
5.883173,490.7480,438.7593
5.899919,496.1614,437.7776
5.916666,478.9370,431.8356
5.933412,483.6614,429.0446
5.950158,481.2992,425.7883
5.966904,472.7362,420.7900
5.983650,463.1890,416.9291
6.000396,475.7874,417.9021
6.017142,454.3307,414.0764
6.033889,473.4252,414.2572
6.050635,467.7165,413.5265
6.067381,471.8504,412.5695
6.084127,448.8189,409.7140
6.100873,469.5866,407.4558
6.117619,448.9173,403.2740
6.134366,454.2323,399.0369
6.151112,447.7362,393.9974
6.167858,442.6181,393.9472
6.184604,447.0472,388.8546
6.201350,429.4291,388.6520
6.218096,439.2717,386.2150
6.234843,449.0157,384.9260
6.251589,425.9843,382.3385
6.268335,437.6969,380.1392
6.285081,427.5591,378.0741
6.301827,425.4921,373.4497
6.318573,420.5709,370.9653
6.335319,424.9016,369.5061
6.352066,415.6496,366.0952
6.368812,419.0945,365.4126
6.385558,418.7008,364.4534
6.402304,407.1850,360.7942
6.419050,415.0591,358.6119
6.435796,411.9094,356.7627
6.452543,404.7244,353.2044
6.469289,394.1929,350.1450
6.486035,410.6299,350.1248
6.502781,396.1614,347.6958
6.519527,395.8661,346.7428
6.536273,399.8031,346.1282
6.553020,405.8071,345.7650
6.569766,389.9606,343.6338
6.586512,394.0945,344.1473
6.603258,393.3071,341.4673
6.620004,395.0787,338.8371
6.636750,390.2559,336.2519
6.653496,386.7126,334.8588
6.670243,379.3307,332.4890
6.686989,385.9252,331.1533
6.703735,380.5118,332.0277
6.720481,381.3976,331.5374
6.737227,386.3189,329.3250
6.753973,383.9567,326.4943
6.770720,381.9882,322.6777
6.787466,360.2362,320.5151
6.804212,362.3031,315.3812
6.820958,366.9291,312.3802
6.837704,367.8150,310.0396
6.854450,364.5669,309.8930
6.871196,353.0512,310.3179
6.887943,367.9134,309.2779
6.904689,355.8071,306.2168
6.921435,361.4173,305.3267
6.938181,353.3465,304.2633
6.954927,358.1693,304.4044
6.971673,348.2283,301.9407
6.988420,360.0394,302.0403
7.005166,350.1969,300.7514
7.021912,355.5118,299.0387
7.038658,346.8504,296.9791
7.055404,349.4094,296.2346
7.072150,344.3898,293.2919
7.088897,339.8622,292.3249
7.105643,347.6378,290.7336
7.122389,344.1929,289.6094
7.139135,338.4843,289.3506
7.155881,341.4370,289.6557
7.172627,340.8465,289.9739
7.189373,338.9764,289.3455
7.206120,347.6378,289.4963
7.222866,339.7638,288.4455
7.239612,340.5512,286.0009
7.256358,336.3189,284.8109
7.273104,332.8740,282.8118
7.289850,329.7244,281.1398
7.306597,333.8583,282.2502
7.323343,338.4843,281.9008
7.340089,331.7913,282.4080
7.356835,337.6969,283.4464
7.373581,335.8268,281.0918
7.390327,326.4764,277.4668
7.407074,330.7087,274.5847
7.423820,326.1811,272.0193
7.440566,311.1220,268.5989
7.457312,322.3425,267.8994
7.474058,323.8189,269.5024
7.490804,318.7992,269.6841
7.507550,322.9331,270.6959
7.524297,330.1181,272.7725
7.541043,327.7559,272.9599
7.557789,318.8976,273.4915
7.574535,323.8189,273.9297
7.591281,330.2165,272.4942
7.608027,328.0512,273.3610
7.624774,323.7205,275.8436
7.641520,326.0827,278.4084
7.658266,328.7402,276.9857
7.675012,341.1417,277.5538
7.691758,331.9882,278.9698
7.708504,328.5433,282.9389
7.725250,325.3937,283.5194
7.741997,346.5551,286.5667
7.758743,342.4213,288.6834
7.775489,351.6732,292.7220
7.792235,336.9094,297.2725
7.808981,359.1535,298.5518
7.825727,346.0630,297.9624
7.842474,352.2638,300.9014
7.859220,356.1024,299.0646
7.875966,342.9134,296.2855
7.892712,352.0669,291.7318
7.909458,347.4409,289.1973
7.926204,321.9488,286.3088
7.942951,331.6929,283.0991
7.959697,341.1417,281.3662
7.976443,331.2992,278.1677
7.993189,333.7598,275.8771
8.009935,319.9803,273.5317
8.026681,320.7677,266.5871
8.043427,313.5827,259.8200
8.060174,305.1181,255.8245
8.076920,302.2638,251.6540
8.093666,299.5079,248.7007
8.110412,300.1969,246.5521
8.127158,301.1811,246.4663
8.143904,295.3740,245.8088
8.160651,294.1929,245.4555
8.177397,300.9843,243.1440
8.194143,294.8819,239.9888
8.210889,287.2047,237.3103
8.227635,289.5669,236.1083
8.244381,277.5591,231.9694
8.261127,283.0709,229.2795
8.277874,284.9409,229.0035
8.294620,282.4803,229.5551
8.311366,271.0630,228.6376
8.328112,287.5000,228.2533
8.344858,281.7913,226.8728
8.361604,277.6575,224.4622
8.378351,270.3740,222.6461
8.395097,272.8346,220.2242
8.411843,272.8346,216.9764
8.428589,262.9921,216.1284
8.445335,268.5039,216.2856
8.462081,266.3386,215.8086
8.478828,272.2441,214.4963
8.495574,266.2402,214.1310
8.512320,266.9291,213.8536
8.529066,260.1378,213.1881
8.545812,263.7795,212.0510
8.562558,264.9606,210.1341
8.579304,261.7126,209.6748
8.596051,264.3701,207.5914
8.612797,254.2323,206.5998
8.629543,255.8071,204.1719
8.646289,256.0039,201.5337
8.663035,249.8031,201.4174
8.679781,256.0039,200.1925
8.696528,249.9016,201.5234
8.713274,251.4764,200.9923
8.730020,259.2520,199.9183
8.746766,246.9488,198.3497
8.763512,254.7244,196.2183
8.780258,242.6181,195.6379
8.797005,242.4213,193.9135
8.813751,243.6024,192.7021
8.830497,248.3268,193.0829
8.847243,247.3425,191.6300
8.863989,242.2244,191.6830
8.880735,243.6024,190.0017
8.897481,239.1732,188.8341
8.914228,236.6142,186.9003
8.930974,238.3858,185.2995
8.947720,237.4016,184.5234
8.964466,239.9606,184.6652
8.981212,231.9882,183.5667
8.997958,233.1693,182.8208
9.014705,236.7126,180.7458
9.031451,235.8268,180.5432
9.048197,223.7205,178.4476
9.064943,232.5787,176.8579
9.081689,226.4764,175.6793
9.098435,232.5787,174.2846
9.115181,218.0118,175.4256
9.131928,227.4606,177.0697
9.148674,232.9724,176.5489
9.165420,227.2638,174.6949
9.182166,232.5787,172.1301
9.198912,221.1614,170.2114
9.215658,215.0591,166.9468
9.232405,207.4803,163.5343
9.249151,217.4213,162.3215
9.265897,215.0591,159.9364
9.282643,217.6181,160.9296
9.299389,209.0551,160.7981
9.316135,214.0748,161.8801
9.332882,206.9882,159.7485
9.349628,216.5354,158.4793
9.366374,208.5630,157.1642
9.383120,214.5669,157.0095
9.399866,199.7047,155.0770
9.416612,206.1024,154.7104
9.433358,206.7913,152.6907
9.450105,206.3976,152.2516
9.466851,202.2638,152.1507
9.483597,206.8898,153.6002
9.500343,200.5906,150.7642
9.517089,203.8386,149.8247
9.533835,205.6102,148.7317
9.550582,198.2283,147.3102
9.567328,191.1417,146.9376
9.584074,205.7087,149.4629
9.600820,198.2283,149.4455
9.617566,201.2795,149.6191
9.634312,210.9252,150.7071
9.651059,207.5787,151.9963
9.667805,191.4370,150.0890
9.684551,199.2126,147.1149
9.701297,201.1811,143.9004
9.718043,199.5079,140.9396
9.734789,185.0394,139.3481
9.751535,182.0866,139.5385
9.768282,195.6693,136.2927
9.785028,189.4685,134.4332
9.801774,185.5315,133.1569
9.818520,187.9921,133.5919
9.835266,177.5591,132.2768
9.852012,184.2520,130.5586
9.868759,181.4961,131.1946
9.885505,186.2205,130.9977
9.902251,182.6772,130.6421
9.918997,184.7441,130.4329
9.935743,181.0039,128.3644
9.952489,176.2795,127.2156
9.969235,178.4449,126.7003
9.985982,175.1969,124.6742
10.002728,176.3780,122.1131
10.019474,177.6575,121.3573
10.036220,175.0984,121.0630
10.052966,160.9252,119.0851
10.069712,171.0630,119.1470
10.086459,175.5906,117.4190
10.103205,169.8819,116.2415
10.119951,164.0748,114.9106
10.136697,171.4567,113.1979
10.153443,157.2835,110.8832
10.170189,162.5984,110.3493
10.186936,157.8740,109.9680
10.203682,161.5157,109.7925
10.220428,170.1772,109.6452
10.237174,162.7953,109.6624
10.253920,155.0197,109.3456
10.270666,160.5315,107.3741
10.287412,159.0551,104.1850
10.304159,151.4764,101.4298
10.320905,158.6614,100.5096
10.337651,143.1102,100.0044
10.354397,151.0827,97.6502
10.371143,151.9685,97.1704
10.387889,150.0984,96.8621
10.404636,150.0984,97.1328
10.421382,145.2756,98.9306
10.438128,152.6575,98.6780
10.454874,149.3110,97.5726
10.471620,155.0197,97.8193
10.488366,148.0315,96.1050
10.505113,145.7677,94.2198
10.521859,139.7638,91.5522
10.538605,146.9488,90.0251
10.555351,134.2520,87.6379
10.572097,140.9449,86.5949
10.588843,140.9449,86.3246
10.605589,138.5827,86.4405
10.622336,135.0394,86.6796
10.639082,138.9764,88.8768
10.655828,143.3071,88.0272
10.672574,140.9449,86.7734
10.689320,142.8150,86.5972
10.706066,138.5827,87.0804
10.722813,130.5118,85.8924
10.739559,135.0394,86.4593
10.756305,144.3898,87.5236
10.773051,142.7165,86.4848
10.789797,137.0079,86.2113
10.806543,144.1929,86.2065
10.823289,132.4803,84.4683
10.840036,126.6732,82.4925
10.856782,137.3031,82.5597
10.873528,138.0906,82.2940
10.890274,134.7441,82.0774
10.907020,135.0394,83.0780
10.923766,136.2205,83.1771
10.940513,130.8071,81.9552
10.957259,135.6299,81.6213
10.974005,132.4803,81.9836
10.990751,135.7283,82.4542
11.007497,134.7441,82.4599
11.024243,133.6614,82.1731
11.040990,135.3346,80.6428
11.057736,133.7598,80.8805
11.074482,128.7402,79.2376
11.091228,128.6417,78.1579
11.107974,130.8071,77.6169
11.124720,134.2520,77.4957
11.141466,123.7205,78.2214
11.158213,131.1024,77.9807
11.174959,132.3819,78.0140
11.191705,131.1024,76.5055
11.208451,128.5433,75.7771
11.225197,123.7205,76.1258
11.241943,130.7087,76.2401
11.258690,123.3268,76.6728
11.275436,132.5787,77.5428
11.292182,132.7756,79.5028
11.308928,135.7283,79.8662
11.325674,128.3465,79.1738
11.342420,131.0039,78.6672
11.359167,132.1850,76.8141
11.375913,122.9331,75.8661
11.392659,128.6417,75.5059
11.409405,126.9685,76.2222
11.426151,129.5276,75.3400
11.442897,128.9370,75.4281
11.459643,129.8228,77.5288
11.476390,127.8543,77.3035
11.493136,125.6890,77.6646
11.509882,133.2677,77.2858
11.526628,134.5472,77.0376
11.543374,124.7047,76.8659
11.560120,129.0354,77.0187
11.576867,127.2638,77.2631
11.593613,129.0354,76.9015
11.610359,130.7087,77.0272
11.627105,131.2008,78.5894
11.643851,131.6929,78.3366
11.660597,129.3307,78.9834
11.677343,127.7559,77.1289
11.694090,131.4961,75.4242
11.710836,125.7874,73.7060
11.727582,126.3780,72.0408
11.744328,115.8465,71.3076
11.761074,124.6063,69.6281
11.777820,122.1457,69.8589
11.794567,122.2441,69.7318
11.811313,123.6220,70.0641
11.828059,119.4882,70.6587
11.844805,128.3465,69.6848
11.861551,115.3543,69.4400
11.878297,124.0157,69.0738
11.895044,120.0787,69.3636
11.911790,121.2598,69.0603
11.928536,120.2756,67.7055
11.945282,121.8504,68.3268
11.962028,121.7520,67.0351
11.978774,115.0591,68.1043
11.995520,118.4055,67.6612
12.012267,121.9488,67.8441
12.029013,120.6693,67.2106
12.045759,124.2126,68.0309
12.062505,114.6654,68.5491
12.079251,120.6693,67.1108
12.095997,117.1260,66.3517
12.112744,122.8346,65.8460
12.129490,114.4685,64.6050
12.146236,114.4685,65.1501
12.162982,119.3898,63.6377
12.179728,114.3701,63.4613
12.196474,113.4843,62.4924
12.213221,118.6024,63.5428
12.229967,112.3031,64.2900
12.246713,117.8150,64.6000
12.263459,115.1575,64.2705
12.280205,120.3740,63.5634
12.296951,117.1260,62.2469
12.313697,111.3189,61.8743
12.330444,107.4803,60.9789
12.347190,114.5669,60.5962
12.363936,113.0906,60.0341
12.380682,115.2559,61.6027
12.397428,115.5512,63.1025
12.414174,113.5827,64.1478
12.430921,116.1417,63.6309
12.447667,119.0945,63.5221
12.464413,113.7795,62.8024
12.481159,114.9606,61.6321
12.497905,111.7126,61.1441
12.514651,112.6969,61.3480
12.531397,112.0079,61.0881
12.548144,112.3031,61.6961
12.564890,118.3071,61.5288
12.581636,117.7165,62.9100
12.598382,110.2362,62.2531
12.615128,114.4685,63.2479
12.631874,114.6654,63.6926
12.648621,119.5866,63.6809
12.665367,111.0236,63.9782
12.682113,123.8189,64.6186
12.698859,114.5669,63.6120
12.715605,114.1732,63.6829
12.732351,112.8937,63.4714
12.749098,115.2559,62.9612
12.765844,114.1732,60.8424
12.782590,117.8150,60.6471
12.799336,110.6299,59.4830
12.816082,106.0039,58.6215
12.832828,109.1535,56.4951
12.849574,109.0551,55.4070
12.866321,108.1693,55.4028
12.883067,108.5630,55.7197
12.899813,104.3307,57.0162
12.916559,112.2047,57.5455
12.933305,112.1063,58.0461
12.950051,107.0866,58.3136
12.966798,115.7480,58.4198
12.983544,108.5630,57.8738
13.000290,107.2835,55.8172
13.017036,107.4803,55.4480
13.033782,107.4803,54.8667
13.050528,104.9213,54.7343
13.067275,107.0866,55.8610
13.084021,112.1063,57.3879
13.100767,108.6614,58.6158
13.117513,115.4528,59.8673
13.134259,111.2205,61.5965
13.151005,116.6339,62.3885
13.167751,113.4843,63.4845
13.184498,116.4370,65.5762
13.201244,119.2913,65.4801
13.217990,117.6181,65.6175
13.234736,120.9646,64.6075
13.251482,118.2087,65.3647
13.268228,110.4331,65.1251
13.284975,115.4528,64.3494
13.301721,118.0118,63.9349
13.318467,122.7362,64.0053
13.335213,114.6654,65.2316
13.351959,114.3701,65.9297
13.368705,118.5039,66.1970
13.385451,121.9488,66.9892
13.402198,121.3583,68.0292
13.418944,120.9646,72.1721
13.435690,129.7244,76.5071
13.452436,130.6102,79.8114
13.469182,136.3189,84.8476
13.485928,149.7047,91.6607
13.502675,150.0984,99.3955
13.519421,153.0512,107.4411
13.536167,171.7520,118.4110
13.552913,180.9055,127.8073
13.569659,190.7480,137.8572
13.586405,201.7717,147.1487
13.603152,214.1732,156.6860
13.619898,211.0236,163.2541
13.636644,227.5591,172.8452
13.653390,229.4291,182.1977
13.670136,253.2480,196.0189
13.686882,260.3346,213.5597
13.703628,293.0118,237.7739
13.720375,309.6457,264.1686
13.737121,356.6929,296.5457
13.753867,386.4173,333.4662
13.770613,434.1535,374.2126
13.787359,475.3937,424.2431
13.804105,540.2559,484.4220
13.820852,612.4016,556.2811
13.837598,693.2087,651.7223
13.854344,835.5315,768.8038
13.871090,962.5984,916.8181
13.887836,1153.9370,1102.1775
13.904582,1389.5669,1331.9168
13.921328,1645.6693,1607.6343
13.938075,1986.2205,1937.7817
13.954821,2382.8740,2339.7418
13.971567,2824.3110,2840.2612
13.988313,3326.5748,3442.2625
14.005059,3920.6693,4058.4143
14.021805,4534.8425,4533.9298
14.038552,5092.0276,4749.3824
14.055298,5178.2480,4628.9629
14.072044,4546.9488,4169.3434
14.088790,3453.6417,3441.5391
14.105536,2372.9331,2571.5888
14.122282,1467.0276,1715.0600
14.139029,886.8110,1027.2587
14.155775,594.5866,587.9960
14.172521,457.1850,364.1367
14.189267,404.4291,275.6773
14.206013,352.3622,254.7306
14.222759,326.0827,249.1112
14.239505,293.2087,237.7932
14.256252,279.9213,222.2285
14.272998,252.6575,203.0328
14.289744,243.4055,187.0214
14.306490,224.2126,170.1345
14.323236,210.7283,155.4795
14.339982,188.6811,140.8930
14.356729,183.2677,130.1858
14.373475,168.5039,119.9679
14.390221,166.2402,113.9344
14.406967,160.8268,109.8427
14.423713,162.0079,106.3371
14.440459,155.3150,103.2625
14.457206,157.7756,100.9865
14.473952,150.1969,99.3562
14.490698,144.3898,99.1591
14.507444,153.1496,99.0736
14.524190,150.8858,101.1176
14.540936,159.6457,101.4647
14.557682,158.2677,104.0985
14.574429,157.2835,107.0244
14.591175,161.6142,111.1012
14.607921,156.6929,114.3040
14.624667,173.2283,115.6705
14.641413,175.4921,117.9111
14.658159,178.4449,117.6062
14.674906,160.7283,117.8611
14.691652,163.4843,115.8611
14.708398,164.5669,110.1522
14.725144,155.6102,105.0578
14.741890,162.5984,98.4328
14.758636,140.9449,93.4149
14.775382,136.2205,86.1294
14.792129,131.8898,80.6573
14.808875,123.0315,77.1901
14.825621,129.3307,74.2697
14.842367,125.8858,73.8522
14.859113,130.2165,72.8879
14.875859,125.6890,72.1654
14.892606,122.4409,72.5926
14.909352,119.5866,71.6189
14.926098,125.6890,73.0967
14.942844,125.9843,74.5210
14.959590,131.2008,76.2752
14.976336,128.7402,77.5180
14.993083,135.7283,77.8497
15.009829,128.7402,78.1101
15.026575,126.0827,78.4534
15.043321,129.1339,78.4403
15.060067,131.3976,78.8700
15.076813,136.6142,79.1738
15.093559,131.8898,81.2210
15.110306,132.9724,82.5719
15.127052,133.5630,82.7185
15.143798,136.3189,82.0235
15.160544,137.2047,82.5927
15.177290,134.9409,83.8929
15.194036,133.8583,85.0458
15.210783,136.0236,86.0438
15.227529,144.7835,87.2043
15.244275,140.1575,88.4143
15.261021,143.3071,91.1553
15.277767,142.7165,92.7078
15.294513,145.7677,92.6651
15.311260,146.5551,94.2126
15.328006,152.6575,96.9309
15.344752,145.3740,98.8942
15.361498,150.4921,101.3341
15.378244,163.4843,104.6299
15.394990,156.6929,106.8682
15.411736,158.7598,107.6510
15.428483,162.5984,109.5463
15.445229,163.9764,107.5586
15.461975,152.5591,103.6977
15.478721,152.0669,99.7171
15.495467,152.7559,95.0659
15.512213,136.8110,90.4766
15.528960,135.9252,85.3000
15.545706,132.5787,81.7968
15.562452,135.9252,77.6667
15.579198,128.4449,75.8436
15.595944,120.6693,75.3017
15.612690,126.9685,74.1518
15.629436,125.4921,73.6246
15.646183,129.6260,71.5918
15.662929,121.6535,71.8334
15.679675,124.4094,71.5345
15.696421,120.7677,68.7019
15.713167,115.0591,67.1356
15.729913,124.2126,65.6404
15.746660,116.4370,66.4567
15.763406,113.4843,66.6940
15.780152,121.7520,67.3901
15.796898,120.7677,67.4587
15.813644,124.2126,67.6257
15.830390,118.5039,68.8297
15.847137,117.3228,67.1494
15.863883,118.1102,66.0816
15.880629,122.8346,66.4141
15.897375,114.7638,66.2298
15.914121,112.1063,66.0433
15.930867,126.6732,65.6976
15.947613,119.2913,65.2341
15.964360,113.4843,64.0792
15.981106,113.1890,64.5073
15.997852,118.1102,64.2916
16.014598,116.2402,63.5682
16.031344,114.3701,65.1474
16.048090,120.4724,65.9667
16.064837,119.2913,66.2489
16.081583,118.7008,64.9723
16.098329,115.8465,64.2375
16.115075,113.5827,63.1596
16.131821,114.7638,61.1333
16.148567,109.0551,59.3651
16.165314,113.0906,58.7376
16.182060,111.0236,58.3907
16.198806,108.6614,58.4494
16.215552,109.1535,58.8727
16.232298,114.7638,59.4596
16.249044,110.9252,59.5569
16.265790,113.4843,59.9141
16.282537,113.2874,60.7256
16.299283,111.1220,61.0830
16.316029,113.9764,62.1735
16.332775,113.5827,63.5808
16.349521,118.3071,63.1832
16.366267,117.2244,63.5852
16.383014,119.6850,64.5954
16.399760,112.3031,64.1622
16.416506,111.4173,64.2868
16.433252,120.0787,63.6439
16.449998,118.7008,63.5556
16.466744,112.9921,63.3945
16.483490,117.8150,64.1950
16.500237,113.6811,64.2501
16.516983,115.2559,62.7744
16.533729,115.3543,62.3233
16.550475,116.4370,62.2109
16.567221,114.3701,61.4439
16.583967,109.8425,62.1779
16.600714,113.5827,62.3027
16.617460,114.7638,61.4093
16.634206,115.2559,60.0616
16.650952,116.2402,60.0908
16.667698,110.0394,60.9846
16.684444,106.3976,60.9066
16.701191,112.2047,61.4979
16.717937,119.6850,61.3799
16.734683,118.2087,62.5284
16.751429,113.7795,64.2191
16.768175,115.2559,63.9872
16.784921,111.9094,62.8946
16.801667,119.5866,62.5498
16.818414,114.1732,62.7326
16.835160,111.4173,63.7359
16.851906,118.5039,64.4658
16.868652,118.4055,63.7398
16.885398,113.9764,63.3466
16.902144,118.0118,62.9148
16.918891,113.9764,62.4247
16.935637,108.2677,61.2455
16.952383,117.6181,61.5850
16.969129,109.3504,60.6490
16.985875,116.3386,60.2642
17.002621,113.7795,60.1513
17.019368,113.3858,60.9130
17.036114,106.2008,61.2134
17.052860,117.4213,62.6799
17.069606,113.1890,62.8389
17.086352,120.6693,62.8586
17.103098,117.4213,63.2378
17.119844,113.7795,63.9817
17.136591,112.9921,63.3457
17.153337,111.5157,63.4420
17.170083,119.1929,63.0623
17.186829,118.4055,63.5235
17.203575,116.6339,64.1815
17.220321,114.2717,64.4295
17.237068,116.4370,64.5461
17.253814,114.6654,62.8343
17.270560,117.2244,63.3819
17.287306,116.6339,64.2019
17.304052,116.6339,66.2434
17.320798,114.1732,67.3098
17.337544,124.9016,67.0831
17.354291,120.4724,66.1098
17.371037,122.9331,65.5175
17.387783,112.8937,65.6039
17.404529,110.5315,65.3410
17.421275,117.2244,64.7135
17.438021,120.7677,65.7434
17.454768,122.8346,66.9791
17.471514,118.8976,68.7155
17.488260,121.1614,68.9722
17.505006,119.5866,67.3033
17.521752,119.5866,66.2312
17.538498,116.4370,65.1976
17.555245,116.7323,65.1598
17.571991,114.9606,64.4212
17.588737,119.2913,65.2772
17.605483,117.0276,66.4460
17.622229,120.2756,67.5277
17.638975,118.8976,68.3048
17.655721,124.7047,68.0026
17.672468,120.0787,67.6105
17.689214,117.7165,67.7172
17.705960,118.6024,66.4136
17.722706,115.7480,66.6118
17.739452,121.8504,66.3306
17.756198,119.2913,67.6583
17.772945,117.3228,68.7951
17.789691,125.5906,68.6228
17.806437,119.8819,68.5657
17.823183,122.4409,68.1245
17.839929,119.0945,68.3488
17.856675,116.1417,68.4647
17.873422,121.7520,67.8820
17.890168,122.4409,68.2557
17.906914,120.9646,68.3638
17.923660,121.5551,69.1275
17.940406,119.7835,69.6066
17.957152,119.7835,68.6159
17.973898,122.2441,68.1132
17.990645,121.2598,67.2106
18.007391,119.5866,67.5330
18.024137,116.3386,67.5881
18.040883,118.8976,67.2554
18.057629,118.4055,66.8539
18.074375,124.8031,66.3195
18.091122,116.5354,66.5403
18.107868,117.6181,66.0481
18.124614,117.8150,67.0232
18.141360,116.8307,67.2212
18.158106,122.1457,68.3387
18.174852,120.0787,69.7075
18.191598,129.4291,69.8879
18.208345,117.8150,69.5180
18.225091,124.5079,69.2117
18.241837,115.8465,68.1036
18.258583,119.2913,67.8354
18.275329,119.3898,67.3118
18.292075,122.2441,67.8833
18.308822,120.2756,68.3282
18.325568,122.2441,69.7334
18.342314,120.5709,69.1319
18.359060,119.2913,68.4776
18.375806,125.8858,69.1218
18.392552,119.3898,69.9053
18.409299,118.1102,70.0716
18.426045,123.4252,70.7032
18.442791,128.8386,69.5891
18.459537,120.5709,69.8452
18.476283,120.2756,70.3396
18.493029,121.2598,69.7938
18.509775,117.5197,69.3693
18.526522,129.5276,69.6967
18.543268,118.7008,71.5937
18.560014,122.9331,70.7120
18.576760,126.6732,70.4116
18.593506,123.5236,70.7829
18.610252,121.2598,69.9246
18.626999,114.7638,70.5780
18.643745,127.7559,71.1853
18.660491,126.0827,71.1541
18.677237,121.9488,71.2968
18.693983,123.5236,70.8856
18.710729,127.2638,70.1391
18.727476,116.5354,69.0949
18.744222,118.6024,69.5036
18.760968,120.5709,69.6644
18.777714,124.2126,69.4398
18.794460,128.0512,69.6823
18.811206,121.2598,71.6329
18.827952,120.7677,72.8158
18.844699,124.5079,73.6163
18.861445,127.2638,74.5792
18.878191,130.7087,75.0966
18.894937,130.5118,77.2034
18.911683,127.7559,77.9397
18.928429,129.0354,76.3548
18.945176,125.7874,74.0807
18.961922,130.6102,73.3616
18.978668,122.8346,73.0902
18.995414,118.8976,73.7498
19.012160,126.4764,74.4189
19.028906,134.5472,76.2983
19.045652,128.6417,78.0711
19.062399,132.4803,80.1436
19.079145,131.9882,80.4368
19.095891,134.5472,79.2933
19.112637,130.8071,78.5695
19.129383,127.0669,77.5508
19.146129,127.8543,76.9600
19.162876,130.9055,76.5470
19.179622,130.1181,77.2294
19.196368,125.9843,79.3665
19.213114,137.0079,81.2095
19.229860,132.5787,81.9834
19.246606,138.8780,82.8859
19.263353,137.0079,83.6951
19.280099,133.5630,84.2522
19.296845,133.9567,83.5091
19.313591,137.5984,84.2148
19.330337,135.3346,83.8964
19.347083,137.1063,84.0728
19.363829,136.7126,83.7608
19.380576,136.7126,82.3557
19.397322,132.9724,82.0722
19.414068,131.8898,81.6060
19.430814,131.5945,81.2600
19.447560,133.5630,81.6759
19.464306,139.8622,83.0727
19.481053,132.0866,83.7176
19.497799,137.3031,83.5609
19.514545,137.5984,83.4852
19.531291,136.8110,83.1294
19.548037,129.5276,82.0689
19.564783,134.1535,82.1972
19.581529,137.6969,83.1523
19.598276,135.8268,84.2492
19.615022,134.6457,85.8408
19.631768,141.1417,87.4314
19.648514,146.8504,88.5451
19.665260,137.6969,89.6071
19.682006,142.1260,90.7574
19.698753,143.3071,91.7031
19.715499,148.3268,93.3537
19.732245,145.8661,96.6097
19.748991,149.0157,99.8222
19.765737,155.5118,101.3926
19.782483,162.2047,103.1859
19.799230,159.8425,105.9982
19.815976,153.7402,109.6964
19.832722,162.4016,113.6311
19.849468,170.1772,118.2009
19.866214,178.9370,122.1388
19.882960,179.9213,127.7538
19.899706,185.3346,132.0848
19.916453,185.2362,132.9591
19.933199,179.7244,131.4759
19.949945,185.6299,126.5769
19.966691,175.0984,121.9839
19.983437,167.5197,116.0474
20.000183,159.0551,110.9176
20.016930,151.0827,104.8671
20.033676,157.6772,98.6991
20.050422,147.8346,94.0339
20.067168,144.9803,89.5366
20.083914,134.5472,88.1123
20.100660,137.2047,87.0563
20.117407,133.8583,85.6508
20.134153,139.2717,86.2831
20.150899,149.2126,86.7702
20.167645,138.2874,87.8554
20.184391,137.2047,87.6055
20.201137,137.4016,87.8903
20.217883,137.8937,85.5521
20.234630,139.1732,84.8645
20.251376,138.5827,86.0447
20.268122,138.3858,84.3977
20.284868,131.6929,85.2977
20.301614,142.8150,84.9949
20.318360,134.5472,84.6012
20.335107,132.0866,85.2300
20.351853,149.0157,87.0620
20.368599,132.9724,88.4271
20.385345,139.8622,87.0356
20.402091,144.3898,88.3179
20.418837,143.5039,88.8424
20.435583,135.1378,87.4241
20.452330,134.9409,87.6299
20.469076,145.9646,86.6759
20.485822,139.9606,85.9507
20.502568,134.4488,86.9365
20.519314,136.7126,87.8705
20.536060,143.8976,87.6007
20.552807,139.1732,86.5286
20.569553,142.4213,87.3667
20.586299,136.8110,88.2590
20.603045,138.9764,87.7326
20.619791,139.1732,87.3330
20.636537,141.6339,87.9311
20.653284,141.7323,88.5733
20.670030,139.0748,89.1166
20.686776,142.2244,89.4206
20.703522,140.8465,88.3604
20.720268,141.7323,86.3556
20.737014,136.8110,85.4030
20.753760,139.6654,86.3361
20.770507,131.8898,87.6328
20.787253,138.0906,88.8936
20.803999,147.3425,90.0164
20.820745,150.6890,91.7116
20.837491,144.4882,91.5978
20.854237,139.3701,91.9874
20.870984,141.7323,91.4914
20.887730,142.4213,89.3517
20.904476,138.8780,88.8809
20.921222,145.7677,90.2954
20.937968,145.2756,90.7093
20.954714,136.5157,90.5142
20.971461,145.5709,89.5362
20.988207,144.0945,89.9473
21.004953,137.8937,88.5233
21.021699,141.1417,89.1439
21.038445,138.8780,89.4557
21.055191,146.4567,88.9007
21.071937,137.7953,89.8996
21.088684,145.9646,90.5280
21.105430,139.3701,89.3499
21.122176,144.3898,89.6484
21.138922,142.3228,89.6959
21.155668,138.2874,90.4521
21.172414,140.2559,90.0125
21.189161,149.2126,91.2395
21.205907,143.9961,91.4811
21.222653,141.6339,92.8625
21.239399,144.8819,92.8810
21.256145,146.7520,92.0897
21.272891,144.1929,91.3214
21.289637,144.9803,92.5704
21.306384,139.3701,93.0595
21.323130,146.1614,92.9914
21.339876,147.5394,91.8537
21.356622,147.5394,91.4682
21.373368,142.4213,91.9844
21.390114,142.3228,93.2254
21.406861,139.3701,92.8898
21.423607,149.2126,93.8641
21.440353,152.6575,95.7241
21.457099,149.6063,97.7805
21.473845,147.0472,98.4959
21.490591,152.4606,98.2866
21.507338,150.8858,96.5322
21.524084,147.3425,95.4782
21.540830,145.2756,95.4557
21.557576,146.0630,95.2290
21.574322,146.9488,94.3790
21.591068,147.9331,94.6942
21.607814,149.1142,94.9464
21.624561,147.0472,96.5799
21.641307,146.9488,97.0245
21.658053,149.0157,96.2300
21.674799,148.6220,95.7647
21.691545,153.9370,94.2991
21.708291,141.9291,95.0418
21.725038,142.0276,94.2282
21.741784,147.8346,93.9408
21.758530,144.7835,94.5449
21.775276,155.1181,95.5718
21.792022,143.0118,97.7849
21.808768,152.5591,98.6278
21.825515,152.1654,98.0586
21.842261,150.6890,98.1329
21.859007,149.0157,97.0576
21.875753,149.4094,97.3466
21.892499,146.4567,96.5349
21.909245,150.4921,96.6659
21.925991,148.4252,99.0889
21.942738,150.8858,99.2633
21.959484,154.6260,99.3994
21.976230,152.6575,99.1555
21.992976,156.8898,98.1453
22.009722,139.7638,98.2708
22.026468,150.6890,97.9046
22.043215,149.2126,97.8922
22.059961,152.1654,99.1367
22.076707,155.6102,99.1091
22.093453,152.2638,101.6434
22.110199,153.4449,101.1689
22.126945,153.2480,101.9501
22.143691,148.3268,100.6449
22.160438,159.0551,99.8401
22.177184,151.3780,99.6467
22.193930,152.3622,99.8442
22.210676,145.2756,99.8295
22.227422,154.0354,99.3374
22.244168,152.9528,98.2866
22.260915,154.4291,100.2985
22.277661,149.2126,100.0879
22.294407,150.3937,100.7204
22.311153,155.7087,101.3495
22.327899,157.1850,102.0307
22.344645,147.3425,102.0713
22.361392,158.5630,101.5310
22.378138,158.5630,101.0701
22.394884,148.0315,99.7873
22.411630,149.2126,100.7128
22.428376,150.2953,101.9706
22.445122,157.8740,100.6325
22.461868,153.5433,101.4080
22.478615,160.3346,102.1920
22.495361,150.8858,102.2131
22.512107,149.1142,101.4752
22.528853,155.4134,101.1208
22.545599,151.1811,100.2833
22.562345,156.3976,100.9675
22.579092,152.7559,101.8999
22.595838,155.7087,102.7669
22.612584,149.3110,102.0169
22.629330,161.8110,102.1598
22.646076,149.9016,101.6618
22.662822,157.4803,102.8337
22.679569,150.4921,102.9174
22.696315,156.3976,103.5532
22.713061,157.0866,103.3214
22.729807,159.6457,105.1837
22.746553,153.6417,104.8531
22.763299,157.6772,105.0385
22.780045,158.0709,104.1864
22.796792,156.2008,103.3488
22.813538,152.2638,102.0786
22.830284,153.4449,101.4823
22.847030,154.2323,100.1652
22.863776,150.3937,99.4338
22.880522,150.0984,99.1470
22.897269,152.2638,98.8262
22.914015,151.6732,98.8691
22.930761,151.2795,99.8300
22.947507,151.5748,101.3628
22.964253,152.6575,101.6400
22.980999,157.4803,102.0252
22.997745,156.4961,102.1293
23.014492,153.1496,101.2231
23.031238,149.7047,99.8509
23.047984,153.5433,99.3737
23.064730,149.2126,99.0522
23.081476,148.9173,100.4417
23.098222,154.1339,101.4009
23.114969,159.7441,103.3127
23.131715,156.4961,104.4539
23.148461,158.1693,105.0270
23.165207,153.4449,104.9577
23.181953,160.8268,104.2605
23.198699,154.3307,104.2018
23.215446,152.7559,104.3970
23.232192,158.6614,104.2580
23.248938,158.2677,104.9889
23.265684,158.1693,103.4440
23.282430,153.7402,104.2761
23.299176,156.2008,103.6131
23.315922,156.5945,102.8346
23.332669,150.6890,104.4463
23.349415,161.7126,105.6421
23.366161,155.2165,106.3462
23.382907,162.6969,107.5152
23.399653,165.3543,107.8194
23.416399,155.2165,108.0231
23.433146,157.0866,107.4966
23.449892,163.1890,107.6122
23.466638,154.7244,106.3079
23.483384,159.5472,104.7010
23.500130,160.2362,103.8686
23.516876,153.1496,103.0232
23.533623,151.9685,100.7702
23.550369,148.8189,101.7196
23.567115,154.7244,101.2164
23.583861,158.2677,100.8310
23.600607,150.2953,103.4176
23.617353,162.9921,104.5090
23.634099,152.0669,105.6525
23.650846,155.5118,105.5641
23.667592,165.9449,105.1043
23.684338,153.4449,105.7465
23.701084,158.3661,104.7375
23.717830,155.0197,105.0284
23.734576,154.2323,103.8016
23.751323,158.5630,101.4587
23.768069,153.9370,103.1030
23.784815,152.5591,102.3383
23.801561,153.3465,101.3190
23.818307,151.2795,100.2957
23.835053,161.1220,100.3180
23.851799,146.5551,100.9459
23.868546,149.3110,101.7375
23.885292,156.6929,102.1878
23.902038,159.4488,102.7073
23.918784,154.0354,102.4726
23.935530,157.3819,105.9429
23.952276,155.4134,106.1820
23.969023,157.1850,105.8293
23.985769,158.8583,105.5687
24.002515,165.3543,105.5999
24.019261,151.6732,104.9621
24.036007,155.7087,104.0627
24.052753,153.4449,102.7178
24.069500,154.3307,100.0154
24.086246,154.4291,100.0741
24.102992,151.0827,101.7166
24.119738,152.4606,102.8332
24.136484,151.1811,103.3926
24.153230,166.4370,103.9072
24.169976,155.8071,104.5381
24.186723,158.5630,104.8733
24.203469,151.4764,104.7453
24.220215,157.8740,105.1450
24.236961,157.5787,104.5578
24.253707,158.2677,108.0521
24.270453,163.1890,110.2098
24.287200,166.6339,112.8905
24.303946,166.0433,114.3194
24.320692,174.2126,117.0553
24.337438,167.9134,120.8329
24.354184,174.0157,123.4236
24.370930,179.8228,128.8026
24.387676,189.0748,135.6935
24.404423,194.7835,141.3283
24.421169,194.9803,149.0655
24.437915,213.6811,154.3525
24.454661,209.9409,158.6963
24.471407,206.4961,157.8786
24.488153,214.7638,154.9238
24.504900,203.3465,150.0982
24.521646,196.5551,141.4941
24.538392,175.1969,134.0999
24.555138,179.7244,124.9422
24.571884,172.7362,116.3094
24.588630,161.6142,112.1214
24.605377,160.2362,109.4906
24.622123,154.0354,108.5552
24.638869,162.2047,105.5820
24.655615,163.8780,105.4919
24.672361,157.5787,106.7039
24.689107,154.8228,105.6912
24.705853,153.9370,104.8623
24.722600,160.8268,103.6993
24.739346,156.3976,102.6990
24.756092,148.3268,101.2908
24.772838,155.6102,100.3008
24.789584,154.6260,98.9786
24.806330,145.5709,97.9636
24.823077,145.9646,97.6509
24.839823,154.3307,98.5392
24.856569,150.6890,97.0397
24.873315,151.6732,97.9127
24.890061,147.9331,99.4402
24.906807,153.7402,99.4182
24.923554,146.3583,98.8758
24.940300,157.2835,99.8520
24.957046,152.1654,99.4189
24.973792,150.8858,101.1368
24.990538,153.0512,101.9309
25.007284,154.2323,102.3395
25.024030,151.3780,100.8542
25.040777,162.3031,100.8303
25.057523,150.3937,101.0102
25.074269,146.8504,100.2081
25.091015,150.1969,99.8084
25.107761,153.1496,98.2634
25.124507,153.7402,96.8887
25.141254,147.3425,96.9536
25.158000,148.5236,95.9774
25.174746,142.4213,94.3329
25.191492,149.2126,93.9867
25.208238,143.7008,94.2537
25.224984,147.2441,94.7695
25.241730,148.9173,95.6154
25.258477,152.0669,97.1938
25.275223,147.1457,96.9458
25.291969,147.8346,99.2679
25.308715,153.9370,98.6133
25.325461,151.5748,98.5135
25.342207,149.0157,98.3947
25.358954,156.2992,98.4018
25.375700,141.7323,96.8846
25.392446,152.3622,96.9920
25.409192,149.2126,97.6922
25.425938,148.2283,98.5590
25.442684,150.4921,99.9195
25.459431,160.7283,102.2165
25.476177,151.9685,102.4856
25.492923,155.7087,103.1806
25.509669,157.6772,103.9191
25.526415,152.9528,104.1089
25.543161,155.6102,103.2510
25.559907,153.7402,101.8370
25.576654,157.8740,100.8457
25.593400,152.7559,99.6687
25.610146,146.5551,98.8510
25.626892,143.9961,98.2515
25.643638,157.0866,96.7442
25.660384,147.1457,95.7214
25.677131,148.8189,96.2335
25.693877,149.7047,95.9320
25.710623,141.9291,95.8716
25.727369,150.1969,95.0400
25.744115,148.6220,96.2016
25.760861,145.8661,96.1738
25.777608,153.1496,96.1690
25.794354,148.3268,97.3283
25.811100,147.4409,96.6905
25.827846,146.9488,96.1284
25.844592,148.2283,95.1019
25.861338,150.8858,94.4237
25.878084,143.9961,94.7970
25.894831,142.9134,94.5965
25.911577,146.2598,93.3039
25.928323,150.0000,91.9174
25.945069,143.9961,92.3462
25.961815,142.1260,92.7519
25.978561,140.3543,92.5135
25.995308,146.8504,92.8508
26.012054,151.1811,92.6516
26.028800,141.9291,94.9200
26.045546,147.6378,95.2584
26.062292,150.2953,96.1190
26.079038,144.8819,96.0901
26.095784,153.4449,96.9036
26.112531,143.4055,96.8456
26.129277,153.3465,96.2594
26.146023,147.9331,94.8486
26.162769,146.8504,94.2085
26.179515,139.8622,92.8430
26.196261,149.0157,93.4349
26.213008,140.9449,92.3772
26.229754,148.0315,94.0569
26.246500,147.8346,95.5624
26.263246,149.5079,97.0154
26.279992,147.5394,96.4402
26.296738,153.2480,96.9669
26.313485,147.8346,96.5946
26.330231,146.7520,96.5326
26.346977,145.5709,96.3222
26.363723,149.9016,96.4615
26.380469,150.8858,96.0132
26.397215,147.1457,94.8817
26.413961,147.5394,94.6419
26.430708,146.5551,94.1739
26.447454,142.9134,93.4769
26.464200,140.0591,92.9880
26.480946,152.4606,93.1281
26.497692,145.8661,93.3206
26.514438,145.7677,93.6402
26.531185,143.8976,95.2035
26.547931,146.5551,94.5455
26.564677,147.3425,93.3417
26.581423,146.7520,93.7302
26.598169,149.2126,93.3895
26.614915,138.7795,93.8320
26.631662,147.6378,93.1621
26.648408,145.1772,93.8233
26.665154,146.2598,93.8244
26.681900,149.3110,94.4464
26.698646,144.3898,95.1049
26.715392,150.2953,94.9117
26.732138,142.9134,94.7266
26.748885,148.3268,94.0153
26.765631,144.1929,92.7301
26.782377,148.2283,92.4123
26.799123,140.4528,91.2218
26.815869,142.9134,91.7330
26.832615,141.7323,90.7850
26.849362,145.4724,90.9444
26.866108,143.4055,91.6575
26.882854,146.2598,92.4871
26.899600,142.1260,92.8368
26.916346,147.0472,93.5092
26.933092,148.8189,95.5835
26.949838,143.8976,95.5660
26.966585,151.0827,97.6114
26.983331,151.8701,98.3428
27.000077,155.1181,98.3396
27.016823,141.6339,98.4899
27.033569,159.8425,98.7416
27.050315,143.4055,97.7342
27.067062,151.3780,97.1643
27.083808,149.9016,96.7999
27.100554,150.0000,98.3486
27.117300,149.6063,98.7283
27.134046,150.3937,100.4754
27.150792,153.4449,100.5233
27.167539,158.0709,100.2918
27.184285,155.1181,101.1093
27.201031,147.0472,100.6268
27.217777,154.4291,101.2630
27.234523,151.3780,102.7380
27.251269,161.1220,104.8946
27.268015,155.5118,109.4837
27.284762,169.4882,113.5588
27.301508,169.4882,114.9827
27.318254,169.6850,117.7654
27.335000,173.6220,118.2201
27.351746,165.7480,119.0516
27.368492,166.7323,115.8696
27.385239,174.0157,115.1832
27.401985,163.8780,113.6084
27.418731,164.4685,112.4048
27.435477,157.7756,112.4741
27.452223,170.1772,111.4033
27.468969,160.8268,110.9931
27.485716,165.9449,112.5987
27.502462,165.3543,112.9738
27.519208,164.0748,114.5197
27.535954,168.4055,113.5707
27.552700,167.5197,115.7522
27.569446,166.3386,115.4495
27.586192,171.2598,116.1704
27.602939,164.6654,116.2234
27.619685,174.1142,116.8952
27.636431,164.4685,118.0738
27.653177,172.5394,119.1115
27.669923,170.1772,119.4118
27.686669,176.5748,119.9161
27.703416,171.6535,118.2493
27.720162,170.6693,117.8746
27.736908,168.7008,118.4310
27.753654,168.4055,120.2894
27.770400,169.4882,122.0229
27.787146,179.4291,124.8612
27.803892,189.6654,127.7649
27.820639,181.6929,130.6038
27.837385,182.3819,133.2686
27.854131,184.3504,134.8269
27.870877,189.2717,134.8338
27.887623,191.7323,138.5914
27.904369,196.3583,143.0990
27.921116,198.2283,149.7607
27.937862,207.0866,156.7845
27.954608,227.0669,166.5790
27.971354,222.4409,178.0523
27.988100,250.4921,191.4031
28.004846,257.3819,207.5592
28.021593,284.8425,225.8780
28.038339,301.3780,252.2936
28.055085,334.1535,283.3219
28.071831,375.6890,319.0337
28.088577,427.7559,367.3894
28.105323,502.8543,432.5420
28.122069,557.8740,519.8918
28.138816,682.6772,634.1781
28.155562,839.0748,790.5592
28.172308,1043.7992,989.2453
28.189054,1280.8071,1247.3290
28.205800,1593.7992,1573.0540
28.222546,1979.2323,1989.0709
28.239293,2373.1299,2470.9448
28.256039,2872.1457,2906.6312
28.272785,3326.4764,3196.2275
28.289531,3709.2520,3295.9155
28.306277,3580.2165,3223.3499
28.323023,2966.1417,2994.8314
28.339770,2385.3346,2610.5166
28.356516,2039.2717,2130.9236
28.373262,1804.5276,1639.1969
28.390008,1409.4488,1234.4860
28.406754,929.0354,932.3413
28.423500,614.7638,680.5907
28.440246,455.1181,467.5318
28.456993,381.5945,315.5588
28.473739,345.4724,245.7790
28.490485,294.2913,229.8449
28.507231,276.1811,219.9858
28.523977,262.9921,207.4234
28.540723,258.3661,192.8200
28.557470,242.5197,181.4100
28.574216,210.2362,172.2948
28.590962,211.7126,162.7418
28.607708,205.3150,152.1534
28.624454,205.7087,143.9926
28.641200,187.4016,138.0873
28.657946,187.9921,133.7738
28.674693,172.5394,127.9688
28.691439,179.8228,122.6490
28.708185,168.5039,118.9415
28.724931,169.6850,116.9787
28.741677,169.7835,113.7554
28.758423,161.2205,112.6978
28.775170,165.6496,110.5453
28.791916,158.5630,109.9687
28.808662,159.4488,108.5841
28.825408,163.6811,108.1688
28.842154,159.9409,106.7867
28.858900,157.4803,106.0881
28.875647,157.4803,105.1583
28.892393,156.2008,103.2164
28.909139,149.5079,102.1188
28.925885,160.3346,102.1711
28.942631,148.9173,102.4551
28.959377,154.1339,102.0834
28.976123,157.4803,100.9469
28.992870,153.4449,99.7495
29.009616,151.0827,97.5550
29.026362,145.8661,97.5678
29.043108,144.6850,96.6361
29.059854,149.0157,95.7700
29.076600,150.6890,97.3127
29.093347,151.9685,97.3203
29.110093,150.3937,97.2861
29.126839,147.0472,96.4854
29.143585,151.6732,95.6280
29.160331,139.3701,94.6846
29.177077,146.7520,94.4877
29.193824,147.5394,93.6916
29.210570,148.3268,91.8110
29.227316,143.4055,91.0479
29.244062,143.7992,91.1275
29.260808,136.2205,90.1733
29.277554,138.6811,90.0288
29.294300,149.1142,90.2281
29.311047,142.7165,91.5308
29.327793,146.0630,91.7766
29.344539,142.7165,92.0874
29.361285,142.3228,90.1033
29.378031,142.7165,87.7590
29.394777,137.2047,87.8040
29.411524,138.8780,88.2064
29.428270,136.9094,87.6994
29.445016,142.4213,88.0224
29.461762,145.3740,88.8534
29.478508,142.1260,88.7970
29.495254,133.4646,88.1637
29.512000,144.0945,87.1240
29.528747,138.9764,85.8038
29.545493,133.2677,85.8068
29.562239,139.3701,85.8015
29.578985,137.6969,86.7259
29.595731,141.0433,86.2333
29.612477,140.7480,87.7576
29.629224,135.7283,87.5819
29.645970,142.7165,86.8076
29.662716,138.7795,86.9856
29.679462,139.0748,86.3297
29.696208,132.8740,85.4801
29.712954,141.0433,85.3340
29.729701,138.6811,84.0514
29.746447,133.8583,83.6493
29.763193,134.1535,84.2868
29.779939,138.3858,84.4881
29.796685,135.0394,84.8714
29.813431,137.6969,85.0871
29.830177,142.5197,85.9238
29.846924,135.9252,86.9790
29.863670,142.3228,87.8288
29.880416,134.2520,88.2741
29.897162,144.4882,89.5178
29.913908,145.8661,90.1857
29.930654,142.3228,91.0224
29.947401,141.6339,91.5180
29.964147,150.5906,94.5804
29.980893,142.8150,96.3291
29.997639,147.4409,99.2147
30.014385,157.0866,101.5677
30.031131,162.0079,102.7905
30.047877,155.3150,103.6452
30.064624,154.2323,104.6044
30.081370,150.6890,102.8442
30.098116,153.1496,99.8864
30.114862,154.1339,97.3762
30.131608,146.0630,93.6496
30.148354,142.1260,90.5932
30.165101,139.5669,88.1023
30.181847,135.3346,83.5607
30.198593,128.1496,82.1710
30.215339,140.6496,81.8751
30.232085,133.8583,82.1146
30.248831,127.8543,81.9370
30.265578,143.3071,82.3991
30.282324,132.1850,82.4264
30.299070,134.4488,82.2277
30.315816,130.9055,82.2619
30.332562,135.6299,81.5564
30.349308,134.2520,80.8796
30.366054,136.9094,82.1665
30.382801,126.7717,81.4972
30.399547,134.8425,81.4396
30.416293,138.7795,80.6655
30.433039,129.8228,78.8709
30.449785,128.6417,78.5621
30.466531,132.8740,80.3205
30.483278,129.6260,80.0390
30.500024,127.3622,79.9577
30.516770,141.7323,81.3559
30.533516,138.2874,81.6872
30.550262,129.6260,81.2469
30.567008,130.4134,81.8473
30.583755,135.2362,82.2780
30.600501,133.9567,82.3973
30.617247,135.8268,84.3224
30.633993,141.3386,87.3642
30.650739,142.0276,89.0702
30.667485,143.2087,89.5855
30.684231,141.6339,91.7885
30.700978,147.0472,93.2779
30.717724,144.3898,94.6887
30.734470,146.7520,97.1709
30.751216,156.8898,99.6194
30.767962,152.2638,102.3204
30.784708,156.3976,104.9093
30.801455,159.0551,105.8149
30.818201,157.6772,105.7041
30.834947,159.0551,104.1304
30.851693,156.6929,102.9030
30.868439,146.1614,100.2338
30.885185,152.2638,97.3632
30.901931,146.1614,94.1027
30.918678,144.1929,91.3085
30.935424,141.6339,89.9420
30.952170,138.8780,88.0674
30.968916,135.9252,85.0359
30.985662,138.9764,83.6782
31.002408,135.9252,81.3107
31.019155,127.6575,80.4620
31.035901,131.2008,78.0847
31.052647,130.7087,76.8437
31.069393,125.9843,75.8012
31.086139,131.7913,75.9755
31.102885,121.4567,77.4964
31.119632,133.4646,76.8478
31.136378,129.9213,76.6248
31.153124,129.9213,75.7805
31.169870,130.1181,74.8956
31.186616,120.7677,75.4047
31.203362,125.3937,73.3226
31.220108,124.0157,73.7533
31.236855,130.2165,73.7597
31.253601,127.6575,73.2075
31.270347,123.0315,74.4758
31.287093,129.3307,74.5430
31.303839,122.9331,74.4888
31.320585,123.7205,74.2186
31.337332,132.5787,73.9962
31.354078,126.3780,73.8109
31.370824,123.9173,72.5857
31.387570,125.0000,72.6600
31.404316,120.8661,72.6653
31.421062,125.1969,72.0791
31.437809,125.0000,73.6360
31.454555,128.9370,74.1165
31.471301,129.9213,74.5753
31.488047,126.0827,75.6656
31.504793,130.1181,77.4551
31.521539,127.5591,80.9936
31.538285,136.3189,84.3034
31.555032,143.1102,89.4469
31.571778,152.3622,94.0899
31.588524,155.8071,100.4222
31.605270,157.3819,110.3007
31.622016,171.1614,122.1743
31.638762,178.7402,137.0673
31.655509,210.4331,155.6396
31.672255,231.3976,177.1442
31.689001,247.0472,196.5790
31.705747,262.1063,208.4841
31.722493,275.2953,213.1555
31.739239,270.5709,207.7153
31.755985,248.7205,198.3103
31.772732,225.7874,184.1217
31.789478,213.9764,165.8618
31.806224,198.1299,145.7342
31.822970,190.2559,129.0481
31.839716,166.4370,115.5181
31.856462,149.5079,103.2620
31.873209,139.5669,92.7824
31.889955,140.4528,84.7884
31.906701,131.4961,77.8396
31.923447,127.0669,74.3560
31.940193,127.6575,73.0262
31.956939,120.6693,70.4841
31.973686,116.8307,69.1697
31.990432,123.0315,69.4822
32.007178,126.6732,70.0496
32.023924,116.8307,69.4233
32.040670,126.8701,68.9215
32.057416,121.2598,69.1144
32.074162,119.5866,67.7023
32.090909,113.9764,67.2992
32.107655,119.6850,69.2303
32.124401,126.3780,68.2614
32.141147,118.6024,69.1273
32.157893,124.2126,68.9068
32.174639,124.7047,69.0213
32.191386,112.6969,68.2539
32.208132,120.0787,66.4480
32.224878,116.6339,65.8180
32.241624,121.3583,64.3898
32.258370,117.7165,64.7197
32.275116,111.0236,64.7718
32.291863,116.8307,63.0642
32.308609,117.1260,62.8033
32.325355,117.6181,63.5478
32.342101,110.6299,64.8673
32.358847,116.6339,65.3218
32.375593,120.8661,63.9275
32.392339,121.7520,64.0998
32.409086,112.6969,63.7183
32.425832,111.4173,64.2845
32.442578,114.1732,64.2941
32.459324,120.5709,63.8052
32.476070,114.7638,64.8510
32.492816,120.8661,65.2887
32.509563,118.3071,63.7738
32.526309,111.4173,61.8941
32.543055,115.2559,60.1784
32.559801,105.8071,59.9951
32.576547,109.6457,59.2767
32.593293,114.9606,59.9423
32.610039,114.6654,60.3103
32.626786,114.9606,60.9126
32.643532,112.5984,62.1302
32.660278,112.4016,61.4481
32.677024,110.9252,60.8364
32.693770,117.4213,61.7929
32.710516,112.8937,62.1364
32.727263,113.0906,62.6874
32.744009,116.4370,62.2880
32.760755,117.6181,62.0682
32.777501,110.1378,61.0677
32.794247,112.5000,60.5937
32.810993,110.3346,60.0086
32.827740,113.6811,58.7263
32.844486,110.2362,58.4090
32.861232,110.0394,59.4403
32.877978,112.1063,58.7986
32.894724,108.4646,57.7923
32.911470,112.5000,57.5712
32.928216,111.3189,57.6345
32.944963,104.8228,57.1951
32.961709,107.8740,57.1802
32.978455,114.0748,57.2573
32.995201,107.7756,57.5574
33.011947,109.1535,57.8798
33.028693,111.2205,57.2635
33.045440,108.0709,55.4836
33.062186,110.0394,54.4993
33.078932,102.7559,54.3302
33.095678,102.1654,54.7531
33.112424,107.9724,55.1968
33.129170,111.0236,55.3941
33.145917,107.8740,55.0961
33.162663,112.3031,54.9961
33.179409,104.5276,55.2943
33.196155,102.3622,55.2987
33.212901,105.8071,56.0487
33.229647,108.9567,56.7413
33.246393,116.5354,56.6748
33.263140,111.1220,58.2604
33.279886,109.1535,58.0227
33.296632,105.1181,57.5831
33.313378,107.1850,55.8376
33.330124,110.8268,54.3729
33.346870,104.8228,54.1724
33.363617,109.0551,53.7473
33.380363,101.4764,53.8294
33.397109,106.5945,53.6202
33.413855,104.9213,53.0769
33.430601,106.1024,54.2557
33.447347,108.4646,54.2633
33.464093,106.8898,54.9015
33.480840,104.8228,54.4154
33.497586,109.4488,53.6532
33.514332,103.1496,53.0792
33.531078,105.0197,53.4561
33.547824,104.9213,53.8051
33.564570,103.3465,53.6433
33.581317,109.2520,52.5648
33.598063,108.5630,52.8842
33.614809,101.3780,52.2340
33.631555,100.9843,51.2112
33.648301,101.4764,50.6424
33.665047,105.4134,49.2275
33.681794,101.3780,50.3276
33.698540,101.0827,50.8395
33.715286,104.8228,51.5989
33.732032,102.3622,51.6420
33.748778,108.4646,51.4690
33.765524,98.9173,51.6441
33.782270,106.9882,50.8542
33.799017,100.3937,49.6774
33.815763,101.6732,49.3310
33.832509,100.3937,49.2390
33.849255,100.1969,50.2462
33.866001,102.6575,49.9369
33.882747,104.9213,50.6417
33.899494,104.8228,50.6936
33.916240,101.4764,50.1427
33.932986,101.0827,50.0560
33.949732,100.6890,49.4987
33.966478,101.3780,48.7088
33.983224,99.8031,49.2768
33.999971,105.2165,49.7417
34.016717,100.6890,50.1441
34.033463,101.0827,50.0725
34.050209,105.4134,49.9000
34.066955,99.9016,50.3492
34.083701,102.2638,49.2957
34.100447,100.0984,49.6978
34.117194,102.2638,48.8893
34.133940,102.3622,47.0371
34.150686,95.6693,46.6627
34.167432,100.9843,45.8010
34.184178,94.0945,44.8298
34.200924,94.6850,45.0278
34.217671,101.3780,46.2250
34.234417,98.7205,48.0219
34.251163,99.0157,48.6076
34.267909,106.9882,50.1161
34.284655,102.7559,50.1053
34.301401,100.9843,49.4094
34.318147,99.7047,49.3172
34.334894,101.7717,49.8167
34.351640,100.0000,49.8126
34.368386,102.1654,49.9151
34.385132,103.8386,49.7194
34.401878,106.4961,49.2931
34.418624,98.5236,48.2515
34.435371,94.8819,47.4265
34.452117,99.4094,46.1981
34.468863,99.1142,46.2491
34.485609,98.3268,46.9523
34.502355,100.1969,48.7914
34.519101,101.3780,48.9157
34.535848,105.3150,49.0495
34.552594,100.9843,49.5012
34.569340,99.9016,49.6719
34.586086,97.5394,49.2996
34.602832,105.2165,48.6817
34.619578,100.9843,47.8909
34.636324,100.0000,47.8255
34.653071,99.2126,47.9062
34.669817,98.6220,47.3726
34.686563,99.0157,47.3824
34.703309,100.5906,48.3426
34.720055,102.8543,48.9832
34.736801,101.2795,50.5777
34.753548,107.8740,53.2905
34.770294,103.6417,56.1852
34.787040,108.1693,58.2113
34.803786,115.5512,59.1776
34.820532,116.7323,59.6698
34.837278,112.1063,59.5720
34.854025,107.2835,59.6594
34.870771,106.7913,57.8703
34.887517,109.2520,55.4696
34.904263,110.2362,54.7673
34.921009,105.8071,53.4483
34.937755,102.3622,52.3631
34.954501,102.4606,50.4396
34.971248,103.6417,48.5372
34.987994,94.4882,47.4166
35.004740,100.3937,46.2594
35.021486,96.8504,44.5678
35.038232,97.3425,42.1189
35.054978,94.6850,40.9527
35.071725,88.9764,41.3964
35.088471,89.9606,40.7478
35.105217,91.8307,40.9148
35.121963,98.8189,40.7478
35.138709,96.8504,42.4915
35.155455,92.4213,43.0756
35.172201,92.2244,42.0835
35.188948,93.7008,41.1170
35.205694,98.1299,40.3649
35.222440,87.0079,41.2142
35.239186,91.1417,40.7728
35.255932,95.7677,39.4816
35.272678,94.6850,39.6621
35.289425,92.1260,39.6488
35.306171,84.8425,41.0481
35.322917,92.8150,40.2045
35.339663,99.6063,39.9012
35.356409,91.0433,40.2811
35.373155,93.5039,41.9656
35.389902,90.3543,42.7117
35.406648,95.5709,41.5214
35.423394,94.7835,40.9387
35.440140,97.6378,41.8025
35.456886,89.5669,41.5976
35.473632,91.9291,41.8344
35.490378,93.9961,40.7831
35.507125,93.7992,39.9393
35.523871,92.2244,39.3783
35.540617,91.8307,38.2532
35.557363,87.4016,37.1797
35.574109,88.0906,36.5603
35.590855,88.9764,37.0469
35.607602,84.9409,37.2107
35.624348,95.5709,38.4159
35.641094,92.4213,39.3132
35.657840,92.9134,39.7408
35.674586,88.9764,40.6719
35.691332,94.8819,40.0496
35.708078,89.4685,38.9498
35.724825,93.2087,39.9056
35.741571,93.4055,40.2408
35.758317,86.8110,40.2667
35.775063,96.5551,40.0441
35.791809,95.1772,40.7758
35.808555,89.5669,40.1137
35.825302,90.3543,39.7395
35.842048,93.6024,39.0535
35.858794,90.4528,37.0863
35.875540,86.6142,35.9936
35.892286,87.5984,35.2865
35.909032,85.4331,33.8066
35.925779,86.0236,33.4226
35.942525,84.2520,33.4664
35.959271,86.0236,33.1915
35.976017,86.0236,33.9195
35.992763,89.5669,34.5222
36.009509,83.8583,35.4920
36.026255,86.6142,36.2820
36.043002,93.2087,36.1709
36.059748,86.8110,36.2849
36.076494,90.3543,35.7850
36.093240,86.2205,35.8031
36.109986,85.7283,35.0919
36.126732,88.0906,34.8790
36.143479,85.8268,34.9494
36.160225,88.3858,36.0908
36.176971,89.6654,36.3258
36.193717,89.7638,37.1045
36.210463,86.4173,37.1054
36.227209,94.4882,36.5644
36.243956,82.3819,35.7265
36.260702,91.9291,34.4451
36.277448,84.3504,34.9348
36.294194,84.3504,35.3324
36.310940,88.3858,35.4335
36.327686,87.5000,37.1033
36.344432,95.2756,36.3678
36.361179,87.3031,37.2483
36.377925,88.9764,36.3863
36.394671,87.3031,35.8860
36.411417,84.3504,35.2282
36.428163,88.3858,34.1434
36.444909,85.2362,34.1740
36.461656,90.4528,33.8601
36.478402,84.4488,34.8749
36.495148,85.6299,35.2188
36.511894,86.3189,35.3943
36.528640,90.5512,37.0556
36.545386,92.0276,37.0737
36.562132,86.7126,37.6035
36.578879,91.8307,37.6863
36.595625,91.7323,37.0944
36.612371,82.8740,35.4897
36.629117,87.3031,34.5397
36.645863,88.5827,33.4001
36.662609,83.3661,31.9792
36.679356,82.1850,31.8840
36.696102,84.7441,32.4682
36.712848,81.7913,31.7656
36.729594,86.3189,31.1616
36.746340,85.5315,31.9061
36.763086,82.9724,31.5452
36.779833,81.2992,29.8382
36.796579,81.1024,30.0449
36.813325,84.6457,29.4505
36.830071,78.2480,29.7765
36.846817,79.7244,30.4148
36.863563,89.5669,30.5575
36.880309,81.2008,30.8961
36.897056,83.3661,30.9257
36.913802,82.2835,31.4100
36.930548,81.3976,30.0039
36.947294,84.2520,29.1646
36.964040,81.2008,29.7460
36.980786,80.7087,29.5748
36.997533,79.6260,30.4650
37.014279,86.5157,31.4316
37.031025,82.4803,30.8163
37.047771,84.7441,31.6388
37.064517,86.7126,32.2860
37.081263,82.3819,31.9579
37.098010,78.5433,30.7906
37.114756,88.4843,31.8372
37.131502,83.7598,31.3924
37.148248,80.6102,31.0565
37.164994,84.1535,31.5096
37.181740,88.2874,31.9948
37.198486,78.4449,30.6293
37.215233,82.8740,30.3003
37.231979,84.6457,30.6603
37.248725,83.7598,30.9126
37.265471,78.4449,30.9218
37.282217,83.1693,31.4516
37.298963,88.3858,30.3039
37.315710,83.8583,29.8671
37.332456,78.6417,30.2785
37.349202,79.7244,31.2136
37.365948,81.4961,29.9307
37.382694,85.0394,29.0641
37.399440,84.7441,29.5168
37.416186,81.8898,29.3917
37.432933,75.2953,28.8498
37.449679,81.1024,28.4063
37.466425,80.9055,27.3487
37.483171,78.7402,26.9407
37.499917,81.8898,27.0543
37.516663,79.8228,27.7495
37.533410,76.0827,27.4664
37.550156,79.5276,27.6231
37.566902,80.9055,28.3692
37.583648,82.7756,28.3494
37.600394,80.4134,28.2017
37.617140,79.6260,27.6244
37.633887,80.8071,26.4443
37.650633,75.7874,26.4349
37.667379,75.3937,24.9169
37.684125,77.8543,24.9738
37.700871,80.4134,26.3754
37.717617,81.3976,28.6387
37.734363,73.7205,29.5494
37.751110,87.8937,30.5965
37.767856,88.3858,31.2077
37.784602,82.9724,30.2645
37.801348,74.7047,29.9561
37.818094,85.3346,29.0758
37.834840,79.3307,26.0070
37.851587,74.0157,25.1996
37.868333,80.9055,25.9384
37.885079,75.3937,26.7877
37.901825,77.1654,25.7803
37.918571,81.6929,26.2988
37.935317,81.3976,26.7980
37.952064,78.0512,26.4959
37.968810,75.3937,27.6983
37.985556,78.7402,26.9584
38.002302,80.9055,26.0586
38.019048,80.2165,26.2651
38.035794,80.1181,26.7173
38.052540,73.4252,26.5259
38.069287,78.8386,25.7505
38.086033,80.3150,25.9182
38.102779,77.7559,26.6037
38.119525,77.3622,26.7083
38.136271,79.9213,27.3370
38.153017,81.7913,26.1763
38.169764,77.6575,25.9553
38.186510,74.7047,25.0973
38.203256,78.1496,24.7658
38.220002,74.7047,24.1020
38.236748,78.2480,24.1644
38.253494,73.7205,25.5158
38.270240,80.8071,25.7452
38.286987,76.7717,24.5561
38.303733,78.6417,24.0004
38.320479,77.2638,22.9879
38.337225,69.9803,22.9312
38.353971,71.2598,21.8538
38.370717,76.4764,22.1727
38.387464,76.3780,23.1618
38.404210,77.4606,24.4696
38.420956,75.0000,24.9514
38.437702,78.2480,24.1823
38.454448,78.8386,22.8842
38.471194,72.2441,22.4614
38.487941,69.7835,21.8410
38.504687,74.3110,21.6852
38.521433,74.6063,20.9042
38.538179,75.9843,21.5771
38.554925,73.3268,22.5901
38.571671,74.8031,23.6383
38.588417,73.9173,22.8067
38.605164,78.3465,23.1662
38.621910,74.5079,23.1235
38.638656,77.3622,23.8432
38.655402,71.3583,23.8551
38.672148,79.6260,24.2059
38.688894,75.0984,24.1591
38.705641,78.6417,25.0016
38.722387,75.7874,25.1402
38.739133,78.0512,25.0087
38.755879,76.3780,24.2936
38.772625,76.7717,23.7372
38.789371,73.7205,21.4533
38.806118,72.1457,20.2997
38.822864,74.7047,19.9379
38.839610,67.6181,19.4129
38.856356,68.7992,20.1448
38.873102,77.5591,22.2154
38.889848,78.4449,24.5136
38.906594,74.0157,25.8007
38.923341,83.2677,26.8960
38.940087,81.7913,27.3129
38.956833,78.2480,26.7301
38.973579,74.0157,26.4587
38.990325,77.0669,26.1334
39.007071,81.6929,24.0843
39.023818,76.7717,24.8871
39.040564,75.6890,26.0060
39.057310,76.3780,26.1901
39.074056,76.2795,24.6710
39.090802,84.4488,24.8277
39.107548,75.4921,24.8341
39.124294,72.2441,24.8041
39.141041,74.1142,23.7363
39.157787,81.9882,22.4143
39.174533,71.3583,22.5325
39.191279,76.4764,24.2624
39.208025,72.4409,24.6022
39.224771,77.5591,24.4634
39.241518,83.4646,24.2472
39.258264,75.2953,25.2186
39.275010,73.6220,24.7089
39.291756,77.3622,24.7309
39.308502,76.1811,23.7641
39.325248,75.2953,22.8381
39.341995,75.6890,22.7791
39.358741,75.4921,22.2117
39.375487,73.4252,21.5510
39.392233,71.8504,22.2801
39.408979,72.7362,22.3166
39.425725,76.2795,21.9715
39.442471,77.0669,22.6883
39.459218,77.5591,23.6808
39.475964,71.1614,24.1518
39.492710,74.8031,23.6053
39.509456,79.6260,23.1474
39.526202,75.2953,22.6995
39.542948,72.9331,21.7240
39.559695,72.1457,20.8712
39.576441,74.5079,20.4848
39.593187,70.3740,20.1756
39.609933,69.5866,20.6796
39.626679,74.3110,21.0327
39.643425,79.7244,21.5843
39.660172,72.0472,22.1902
39.676918,72.6378,22.9877
39.693664,74.5079,22.6862
39.710410,76.3780,21.9016
39.727156,75.0000,21.7806
39.743902,73.0315,22.8463
39.760648,72.9331,22.4263
39.777395,75.6890,21.5547
39.794141,75.9843,21.7446
39.810887,74.0157,23.0290
39.827633,71.8504,23.3314
39.844379,75.5906,24.2674
39.861125,80.9055,24.1770
39.877872,78.1496,23.7677
39.894618,72.6378,24.5322
39.911364,79.1339,24.6198
39.928110,71.5551,23.0292
39.944856,74.3110,22.4588
39.961602,79.5276,21.8648
39.978348,71.8504,21.5416
39.995095,70.3740,20.6590
40.011841,76.0827,21.4287
40.028587,68.7992,20.5477
40.045333,74.4094,20.3318
40.062079,74.6063,20.7792
40.078825,74.8031,21.2679
40.095572,70.2756,21.3122
40.112318,75.0000,22.5770
40.129064,72.9331,22.5499
40.145810,78.5433,23.2926
40.162556,75.7874,23.5512
40.179302,77.4606,24.2764
40.196049,75.7874,25.1326
40.212795,77.4606,26.2958
40.229541,76.1811,26.4778
40.246287,82.2835,27.0463
40.263033,84.5472,27.6871
40.279779,79.9213,29.9130
40.296525,79.9213,30.7516
40.313272,83.9567,33.5217
40.330018,91.0433,35.8846
40.346764,96.6535,41.0566
40.363510,93.9961,48.4647
40.380256,112.2047,57.3073
40.397002,114.4685,67.4901
40.413749,132.8740,79.1694
40.430495,142.0276,91.9764
40.447241,155.0197,102.9177
40.463987,163.8780,108.3813
40.480733,168.7008,110.4881
40.497479,164.5669,106.4077
40.514226,150.0000,100.4765
40.530972,139.5669,92.3655
40.547718,131.9882,84.7182
40.564464,125.6890,76.5691
40.581210,127.2638,70.8005
40.597956,120.2756,65.4427
40.614702,114.7638,59.5544
40.631449,100.5906,52.7802
40.648195,100.7874,45.1636
40.664941,87.7953,38.6662
40.681687,85.6299,34.2960
40.698433,80.6102,30.4182
40.715179,79.6260,28.4690
40.731926,84.5472,26.9352
40.748672,78.4449,26.3502
40.765418,74.4094,25.9849
40.782164,79.1339,26.2426
40.798910,78.4449,24.8282
40.815656,74.5079,24.1497
40.832402,80.1181,24.7435
40.849149,75.6890,23.9616
40.865895,70.5709,22.4650
40.882641,78.6417,21.8180
40.899387,73.4252,21.5815
40.916133,68.9961,20.5548
40.932879,73.3268,20.2646
40.949626,73.7205,19.5575
40.966372,72.2441,18.5374
40.983118,69.1929,18.6487
40.999864,69.0945,18.5370
41.016610,70.2756,18.3844
41.033356,72.9331,19.0167
41.050103,70.6693,20.2320
41.066849,73.2283,20.9602
41.083595,76.0827,21.7036
41.100341,74.4094,22.4988
41.117087,74.2126,22.8151
41.133833,72.5394,22.8264
41.150579,77.2638,21.9589
41.167326,75.5906,21.4748
41.184072,71.9488,21.9016
41.200818,71.3583,21.4668
41.217564,73.0315,21.0926
41.234310,75.6890,20.6280
41.251056,74.7047,21.3351
41.267803,70.1772,21.6377
41.284549,74.4094,21.9277
41.301295,75.2953,21.6467
41.318041,75.0000,21.8061
41.334787,72.1457,23.0437
41.351533,76.1811,23.1409
41.368279,74.0157,21.9949
41.385026,76.7717,21.4390
41.401772,75.0000,20.8863
41.418518,67.4213,21.0419
41.435264,71.8504,21.0836
41.452010,74.6063,20.8831
41.468756,73.7205,20.6636
41.485503,76.6732,21.2158
41.502249,73.7205,22.1803
41.518995,69.4882,21.5138
41.535741,74.1142,21.3808
41.552487,74.2126,21.0077
41.569233,74.1142,20.0962
41.585980,71.6535,20.0569
41.602726,73.3268,20.0852
41.619472,68.8976,19.4987
41.636218,70.2756,19.0913
41.652964,73.5236,19.7525
41.669710,73.3268,20.5461
41.686456,72.9331,21.1467
41.703203,72.5394,22.0677
41.719949,77.1654,21.5661
41.736695,73.0315,21.6937
41.753441,73.7205,21.9952
41.770187,73.3268,22.7888
41.786933,72.4409,22.4765
41.803680,78.3465,21.0958
41.820426,74.1142,21.6301
41.837172,74.6063,21.4058
41.853918,68.0118,21.1818
41.870664,71.0630,20.6902
41.887410,78.2480,19.5873
41.904157,71.3583,20.6762
41.920903,72.3425,20.9951
41.937649,71.8504,21.8860
41.954395,72.6378,20.5580
41.971141,77.0669,18.9993
41.987887,69.3898,18.7788
42.004633,71.1614,19.0676
42.021380,65.9449,19.2377
42.038126,71.2598,19.7511
42.054872,74.4094,19.9365
42.071618,77.8543,20.9045
42.088364,71.9488,20.8735
42.105110,73.7205,21.7517
42.121857,70.0787,21.3479
42.138603,71.8504,20.6374
42.155349,73.7205,19.8897
42.172095,76.7717,20.6909
42.188841,71.8504,21.1217
42.205587,70.3740,21.3000
42.222333,72.4409,21.3665
42.239080,76.7717,21.3252
42.255826,73.7205,21.3865
42.272572,71.6535,21.6880
42.289318,75.4921,21.1924
42.306064,72.0472,19.4850
42.322810,70.8661,17.9629
42.339557,68.6024,17.3827
42.356303,68.5039,17.4520
42.373049,67.4213,18.0054
42.389795,72.0472,19.3827
42.406541,73.3268,20.2120
42.423287,76.1811,20.7035
42.440034,75.0000,21.1472
42.456780,71.4567,21.5111
42.473526,70.2756,21.3011
42.490272,72.5394,21.6549
42.507018,76.0827,21.4448
42.523764,75.5906,21.4069
42.540510,74.8031,21.8249
42.557257,74.3110,22.1746
42.574003,70.3740,22.2095
42.590749,72.9331,22.0353
42.607495,76.6732,21.6882
42.624241,76.7717,21.3849
42.640987,75.0000,22.7514
42.657734,73.0315,24.2704
42.674480,72.9331,24.8871
42.691226,78.8386,25.8280
42.707972,85.6299,26.7941
42.724718,79.1339,27.5776
42.741464,79.1339,27.8167
42.758211,80.9055,28.2639
42.774957,78.2480,28.7014
42.791703,80.5118,29.4934
42.808449,84.1535,32.8674
42.825195,91.0433,34.9880
42.841941,91.8307,37.7801
42.858687,92.9134,41.2259
42.875434,100.7874,45.6252
42.892180,99.3110,51.8721
42.908926,114.2717,61.6832
42.925672,125.8858,77.3778
42.942418,146.9488,98.6835
42.959164,169.7835,124.0001
42.975911,199.8031,149.6104
42.992657,229.0354,169.5905
43.009403,248.8189,184.2492
43.026149,253.3465,192.6486
43.042895,240.9449,193.5216
43.059641,231.5945,189.7842
43.076387,230.6102,181.0154
43.093134,227.2638,171.6623
43.109880,212.9921,161.4912
43.126626,209.4488,150.8835
43.143372,185.0394,137.4225
43.160118,177.1654,121.1584
43.176864,154.4291,104.1061
43.193611,141.2402,89.0925
43.210357,124.9016,74.3018
43.227103,112.2047,63.1690
43.243849,104.0354,52.8151
43.260595,101.6732,45.5443
43.277341,90.3543,39.6112
43.294088,88.6811,35.8123
43.310834,83.3661,32.5062
43.327580,81.1024,30.0580
43.344326,81.2992,27.1644
43.361072,79.6260,26.7476
43.377818,76.0827,24.5060
43.394564,76.6732,23.4465
43.411311,71.4567,21.0529
43.428057,77.1654,20.3694
43.444803,66.4370,20.5137
43.461549,74.1142,20.9341
43.478295,69.2913,20.9648
43.495041,80.7087,21.0499
43.511788,73.6220,20.1909
43.528534,71.0630,20.8138
43.545280,69.5866,19.3739
43.562026,69.2913,18.4411
43.578772,70.1772,16.3783
43.595518,72.3425,17.6973
43.612265,68.3071,19.2783
43.629011,69.9803,20.2070
43.645757,72.7362,21.0882
43.662503,79.7244,21.5618
43.679249,74.4094,21.7621
43.695995,70.5709,21.5111
43.712741,73.2283,20.0478
43.729488,70.9646,19.3599
43.746234,69.8819,17.4883
43.762980,67.9134,17.5502
43.779726,70.2756,17.5647
43.796472,73.5236,17.6000
43.813218,64.8622,18.3803
43.829965,73.0315,18.6558
43.846711,71.3583,19.0539
43.863457,72.6378,18.7662
43.880203,71.1614,18.8290
43.896949,69.1929,19.7018
43.913695,71.8504,18.7676
43.930441,70.3740,18.8105
43.947188,72.2441,18.6255
43.963934,71.3583,18.6859
43.980680,69.1929,19.2172
43.997426,70.9646,18.3101
44.014172,69.8819,16.8592
44.030918,69.9803,16.5614
44.047665,69.8819,15.8336
44.064411,62.6969,16.0663
44.081157,66.1417,15.6505
44.097903,73.7205,16.1071
44.114649,65.7480,16.4973
44.131395,71.9488,16.8199
44.148142,67.0276,17.1512
44.164888,70.3740,16.3891
44.181634,67.0276,15.5264
44.198380,66.3386,15.7203
44.215126,66.9291,14.5293
44.231872,68.0118,13.9617
44.248618,66.3386,14.0252
44.265365,65.1575,13.8722
44.282111,64.3701,13.9766
44.298857,66.3386,14.0725
44.315603,70.8661,14.2850
44.332349,63.8780,16.4352
44.349095,70.5709,18.0458
44.365842,69.9803,19.0784
44.382588,72.4409,19.2503
44.399334,77.6575,19.4379
44.416080,68.3071,19.2691
44.432826,68.7992,17.8994
44.449572,68.5039,17.3848
44.466319,69.3898,15.8644
44.483065,65.5512,15.7125
44.499811,69.9803,16.0936
44.516557,69.2913,16.1261
44.533303,65.4528,15.4172
44.550049,71.1614,15.0145
44.566795,63.7795,15.0249
44.583542,68.2087,14.6454
44.600288,63.6811,14.9372
44.617034,68.7992,14.3029
44.633780,68.0118,14.1276
44.650526,67.4213,14.8799
44.667272,65.4528,14.5447
44.684019,62.8937,14.7989
44.700765,71.2598,14.3744
44.717511,66.3386,14.7509
44.734257,66.3386,14.9599
44.751003,67.3228,15.2770
44.767749,67.4213,14.6479
44.784495,67.1260,13.4432
44.801242,65.2559,14.3811
44.817988,65.9449,14.5282
44.834734,64.2717,15.0682
44.851480,69.0945,15.1031
44.868226,71.3583,15.3016
44.884972,66.0433,15.5769
44.901719,68.2087,14.8278
44.918465,63.9764,14.9641
44.935211,67.1260,14.2434
44.951957,66.4370,14.2909
44.968703,65.1575,14.7463
44.985449,71.1614,14.9648
45.002196,65.5512,15.2630
45.018942,67.3228,14.3054
45.035688,65.4528,14.0220
45.052434,66.9291,13.4062
45.069180,63.8780,13.3002
45.085926,63.7795,13.4296
45.102672,67.8150,13.8417
45.119419,66.1417,15.0664
45.136165,69.2913,14.6537
45.152911,63.8780,14.7929
45.169657,70.2756,13.6348
45.186403,65.9449,12.5486
45.203149,58.6614,12.2011
45.219896,65.3543,11.6649
45.236642,61.8110,12.3844
45.253388,67.1260,12.0772
45.270134,66.1417,12.8937
45.286880,65.3543,13.4636
45.303626,66.8307,12.9244
45.320373,62.7953,13.4930
45.337119,64.7638,13.2023
45.353865,65.4528,13.4074
45.370611,67.5197,13.6861
45.387357,68.5039,14.7727
45.404103,66.0433,16.4141
45.420849,67.4213,17.1166
45.437596,70.1772,17.3871
45.454342,73.5236,17.4323
45.471088,70.1772,17.7466
45.487834,67.9134,17.9049
45.504580,68.0118,17.6537
45.521326,69.7835,16.7424
45.538073,70.1772,16.8683
45.554819,68.5039,16.8211
45.571565,69.4882,16.7339
45.588311,67.5197,16.4551
45.605057,71.0630,16.4652
45.621803,64.3701,16.6258
45.638549,69.1929,16.0454
45.655296,69.1929,15.1235
45.672042,68.8976,13.6341
45.688788,64.6654,13.1725
45.705534,60.9252,13.2234
45.722280,63.7795,12.6340
45.739026,63.3858,12.1937
45.755773,70.6693,11.7392
45.772519,63.7795,11.9124
45.789265,64.4685,12.9031
45.806011,61.3189,13.5728
45.822757,63.6811,13.6696
45.839503,68.3071,14.0668
45.856250,71.8504,14.3102
45.872996,67.3228,14.1549
45.889742,63.4843,15.0166
45.906488,67.0276,14.9629
45.923234,60.8268,14.3811
45.939980,70.0787,14.2501
45.956726,71.8504,14.5564
45.973473,65.8465,14.9629
45.990219,64.6654,14.5254
46.006965,65.2559,13.8578
46.023711,63.9764,12.1825
46.040457,66.4370,11.2384
46.057203,63.1890,12.5397
46.073950,62.2047,12.3321
46.090696,65.5512,12.4582
46.107442,64.4685,12.6266
46.124188,69.5866,12.6624
46.140934,59.8425,12.8453
46.157680,66.3386,12.0065
46.174426,63.6811,11.5770
46.191173,63.3858,10.7573
46.207919,61.4173,10.2784
46.224665,61.3189,11.0064
46.241411,65.7480,10.1077
46.258157,59.9409,10.5900
46.274903,64.8622,10.6012
46.291650,62.6969,10.4108
46.308396,61.4173,10.5884
46.325142,64.4685,10.9341
46.341888,61.2205,11.6399
46.358634,63.2874,11.7569
46.375380,67.3228,11.7443
46.392127,64.9606,11.8509
46.408873,62.1063,11.3462
46.425619,63.6811,11.2067
46.442365,60.4331,10.9305
46.459111,64.8622,11.1744
46.475857,62.6969,11.7092
46.492603,64.8622,12.6677
46.509350,66.7323,12.3064
46.526096,65.5512,12.2584
46.542842,62.0079,11.2517
46.559588,64.2717,11.0619
46.576334,59.2520,10.7747
46.593080,64.0748,10.7600
46.609827,63.0906,11.5488
46.626573,66.1417,12.3890
46.643319,65.5512,12.7391
46.660065,64.8622,12.9499
46.676811,65.7480,12.9724
46.693557,63.9764,13.0763
46.710304,64.3701,12.7694
46.727050,64.3701,12.7441
46.743796,68.7992,13.4941
46.760542,64.3701,14.3866
46.777288,65.7480,14.9785
46.794034,67.3228,14.9221
46.810780,70.5709,15.2651
46.827527,67.1260,14.8076
46.844273,64.3701,14.4451
46.861019,65.7480,13.8578
46.877765,68.0118,13.4629
46.894511,62.8937,13.4641
46.911257,64.2717,13.5327
46.928004,68.3071,13.3422
46.944750,66.8307,13.3161
46.961496,65.3543,13.5522
46.978242,61.9094,13.3078
46.994988,65.2559,12.6377
47.011734,67.1260,11.1335
47.028480,63.2874,10.6485
47.045227,58.9567,10.5196
47.061973,63.0906,9.5296
47.078719,59.0551,8.6350
47.095465,63.3858,8.2457
47.112211,61.3189,9.1985
47.128957,58.1693,9.9531
47.145704,64.8622,10.7107
47.162450,63.2874,11.5690
47.179196,65.9449,11.9714
47.195942,63.8780,12.2313
47.212688,66.3386,13.0738
47.229434,62.2047,12.0159
47.246181,64.4685,12.0145
47.262927,62.1063,10.9162
47.279673,66.5354,10.0011
47.296419,58.6614,9.5376
47.313165,63.1890,9.8545
47.329911,58.0709,9.6760
47.346657,62.0079,9.7115
47.363404,65.3543,9.3380
47.380150,62.8937,9.7698
47.396896,61.3189,10.1821
47.413642,61.0236,11.5054
47.430388,62.0079,11.5435
47.447134,64.3701,11.2537
47.463881,68.7992,12.0896
47.480627,64.8622,12.4502
47.497373,61.4173,12.1162
47.514119,61.9094,11.8106
47.530865,65.7480,11.0470
47.547611,61.6142,9.9325
47.564358,61.7126,9.3141
47.581104,63.3858,8.9615
47.597850,59.2520,8.1732
47.614596,57.8740,7.8882
47.631342,59.2520,8.7910
47.648088,62.8937,9.3151
47.664834,62.1063,9.0588
47.681581,64.4685,10.2929
47.698327,63.0906,10.4363
47.715073,60.3346,10.4276
47.731819,59.2520,9.9240
47.748565,66.3386,9.7452
47.765311,60.0394,9.5865
47.782058,63.6811,10.3909
47.798804,61.1220,10.9559
47.815550,62.6969,10.9553
47.832296,63.7795,10.0765
47.849042,64.2717,10.1784
47.865788,60.4331,9.7716
47.882534,60.3346,8.2774
47.899281,59.1535,7.7141
47.916027,60.2362,6.7767
47.932773,59.5472,6.7902
47.949519,54.4291,8.1099
47.966265,65.4528,8.2344
47.983011,58.6614,8.8128
47.999758,64.2717,9.1937
48.016504,63.3858,9.4821
48.033250,57.1850,10.0460
48.049996,63.0906,8.6933
48.066742,61.2205,9.3832
48.083488,61.1220,8.9780
48.100235,62.9921,9.9210
48.116981,59.7441,10.5964
48.133727,65.3543,10.4982
48.150473,62.3031,10.9532
48.167219,64.6654,11.1845
48.183965,60.8268,10.5434
48.200711,63.4843,10.0538
48.217458,61.4173,8.3668
48.234204,60.3346,7.7164
48.250950,56.9882,7.0979
48.267696,59.0551,6.7193
48.284442,57.4803,6.5479
48.301188,61.0236,6.8457
48.317935,60.4331,7.8428
48.334681,58.9567,9.4497
48.351427,62.6969,9.0402
48.368173,61.0236,9.2761
48.384919,64.1732,8.8645
48.401665,61.3189,8.4517
48.418412,54.5276,8.4513
48.435158,62.8937,7.4872
48.451904,59.2520,7.6040
48.468650,59.3504,7.0511
48.485396,61.9094,7.7765
48.502142,58.1693,9.1958
48.518888,62.5984,8.7706
48.535635,59.3504,9.9072
48.552381,64.9606,10.5354
48.569127,64.4685,10.4388
48.585873,59.7441,10.0490
48.602619,64.1732,9.2611
48.619365,60.0394,7.9266
48.636112,57.4803,7.2656
48.652858,57.9724,7.2339
48.669604,60.8268,7.8669
48.686350,57.5787,7.7185
48.703096,66.2402,8.9661
48.719842,59.9409,9.6395
48.736588,61.8110,9.5700
48.753335,60.1378,8.8707
48.770081,62.8937,8.6479
48.786827,58.9567,7.7604
48.803573,59.0551,7.9006
48.820319,59.2520,7.8008
48.837065,61.7126,8.1961
48.853812,60.4331,8.6954
48.870558,59.8425,8.7023
48.887304,62.6969,8.5240
48.904050,61.4173,8.5185
48.920796,60.0394,7.5934
48.937542,55.6102,7.2642
48.954289,61.4173,7.1135
48.971035,60.1378,7.0079
48.987781,56.4961,7.4698
49.004527,61.4173,7.1401
49.021273,61.2205,7.9451
49.038019,60.1378,7.6937
49.054765,58.8583,8.3556
49.071512,57.4803,8.6132
49.088258,65.5512,8.0665
49.105004,59.6457,8.3067
49.121750,61.1220,8.7410
49.138496,58.9567,8.9498
49.155242,60.8268,8.6857
49.171989,62.2047,8.5928
49.188735,61.2205,8.9920
49.205481,60.4331,9.0345
49.222227,61.1220,9.0689
49.238973,63.3858,8.8436
49.255719,57.9724,9.1753
49.272466,62.1063,8.9650
49.289212,60.6299,9.1478
49.305958,62.1063,8.1505
49.322704,61.6142,7.5666
49.339450,56.7913,7.6801
49.356196,60.4331,6.6929
49.372942,55.1181,6.5390
49.389689,61.1220,7.0405
49.406435,59.6457,6.3735
49.423181,57.9724,6.6374
49.439927,60.7283,6.2189
49.456673,59.7441,7.2435
49.473419,52.1654,6.6585
49.490166,62.3031,6.7452
49.506912,60.1378,7.5432
49.523658,62.5984,7.0717
49.540404,55.9055,6.9407
49.557150,59.5472,7.3853
49.573896,60.8268,5.7610
49.590642,53.9370,6.1425
49.607389,58.9567,6.3263
49.624135,60.8268,6.9886
49.640881,57.4803,7.2612
49.657627,62.9921,7.7024
49.674373,58.5630,7.9142
49.691119,59.0551,7.1208
49.707866,60.9252,6.8654
49.724612,57.0866,6.3871
49.741358,56.2992,5.7504
49.758104,59.5472,5.8073
49.774850,58.6614,5.6671
49.791596,56.2992,6.0478
49.808343,59.8425,6.7124
49.825089,57.9724,7.0990
49.841835,60.2362,7.3596
49.858581,60.6299,6.7824
49.875327,58.1693,6.2244
49.892073,59.2520,5.7314
49.908819,57.5787,6.3834
49.925566,53.2480,6.6873
49.942312,60.6299,7.1586
49.959058,63.2874,7.7974
49.975804,63.0906,8.6037
49.992550,59.1535,9.5775
